{"type": "block", "layer": 3, "block": 0, "features": [{"geom": {"lines": [[-8019217.479270396, -4394210.369386689, 0.0, -8019103.215821545, -4394315.16091609, 0.0, -8018523.886883921, -4394837.415992138, 0.0, -8018390.590113525, -4394916.438040019, 0.0, -8018320.538801327, -4394775.7578962585, 0.0, -8018233.613184953, -4394850.730702328, 0.0, -8018012.851221414, -4395094.114463077, 0.0, -8018020.573496336, -4395165.065175396, 0.0, -8019280.312972514, -4395204.244057031, 0.0, -8019378.375053164, -4395145.001394525, 0.0, -8019405.695354938, -4395131.597561064, 0.0, -8019428.762394445, -4395024.595390359, 0.0, -8019414.535173164, -4394966.745631762, 0.0, -8019414.073660908, -4394936.956075912, 0.0, -8019398.650597554, -4394919.2845876515, 0.0, -8019391.678977256, -4394905.056399573, 0.0, -8019409.132855461, -4394869.971425623, 0.0, -8019451.891691172, -4394787.111530951, 0.0, -8019486.521598443, -4394725.76823283, 0.0, -8019502.031223445, -4394681.09374795, 0.0, -8019505.0404, -4394630.889299999, 0.0, -8019516.931193051, -4394564.298748204, 0.0, -8019501.804300845, -4394515.125961714, 0.0, -8019475.803403251, -4394473.142383343, 0.0, -8019447.7647547545, -4394453.542783863, 0.0, -8019442.829290416, -4394437.441761615, 0.0, -8019450.335472152, -4394399.900041868, 0.0, -8019449.5324418545, -4394386.991779648, 0.0, -8019436.569585077, -4394325.9109301735, 0.0, -8019425.636229612, -4394314.093727568, 0.0, -8019406.942517242, -4394304.133164152, 0.0, -8019376.161346256, -4394297.670091985, 0.0, -8019346.10015329, -4394291.576218638, 0.0, -8019304.878889526, -4394278.793900741, 0.0, -8019278.444423108, -4394269.6412227135, 0.0, -8019261.659154644, -4394256.987536343, 0.0, -8019249.3956023315, -4394245.943872981, 0.0, -8019217.479270396, -4394210.369386689, 0.0]]}, "mtl": {"idx": 0}}], "featureCount": 1, "startIndex": 0}